{
  "$schema": "https://schema.management.azure.com/schemas/2019-04-01/deploymentTemplate.json#",
  "contentVersion": "1.0.0.1",
  "parameters": {
    "managedInstanceName": {
      "type": "string",
      "metadata": {
        "description": "Enter managed instance name."
      }
    },
    "administratorLogin": {
      "type": "string",
      "metadata": {
        "description": "Enter user name."
      }
    },
    "administratorLoginPassword": {
      "type": "securestring",
      "metadata": {
        "description": "Enter password."
      }
    },
    "location": {
      "type": "string",
      "metadata": {
        "description": "Enter location. If you leave this field blank resource group location would be used."
      }
    },
    "virtualNetworkName": {
      "type": "string",
      "metadata": {
        "description": "Enter virtual network name. If you leave this field blank name will be created by the template."
      }
    },
    "subnetName": {
      "type": "string",
      "metadata": {
        "description": "Enter subnet name."
      }
    },

    "skuName": {
      "type": "string",
      "allowedValues": [
        "GP_Gen5",
        "BC_Gen5"
      ],
      "metadata": {
        "description": "Enter sku name."
      }
    },
    "vCoresinString": {
      "type": "string",
      "allowedValues": [
        "8",
        "16",
        "24",
        "32",
        "40",
        "64",
        "80"
      ],
      "metadata": {
        "description": "Enter number of vCores."
      }
    },
    "storageSizeInGBInString": {
      "type": "string",
      "metadata": {
        "description": "Enter storage size."
      }
    },
    "licenseType": {
      "type": "string",
      "allowedValues": [
        "BasePrice",
        "LicenseIncluded"
      ],
      "metadata": {
        "description": "Enter license type."
      }
    },

    "identitytype": {
      "type": "string",
      "metadata": {
        "description": "Enter Identity Type."
      }
    },
    "collation": {
      "type": "string",
      "metadata": {
        "description": "Enter collation Type."
      }
    },
    "minimalTlsVersion": {
      "type": "string",
      "metadata": {
        "description": "Enter minimalTlsVersion"
      }
    },
    "publicDataEndpointEnabled": {
      "type" : "string",
      "metadata": {
        "description": "Enter publicDataEndpointEnabled"
      }
    },
    "proxyOverride": {
      "type": "string",
      "metadata": {
        "description": "Enter proxyOverride"
      }
    },
    "storageAccountType": {
      "type": "string",
      "metadata": {
        "description": "Enter storageAccountType"
      }
    },
    "resourceTags": {
      "type": "object",
      "defaultValue": {
          "AppID": "TBD",
          "AppName": "SQL Managed Instance",
          "AppOwner": "Tom Pugh",
          "BillTo": "ADS",
          "Dept": "IT",
          "Environment": "TBD",
          "SupportGroup": "TBD",
          "Role": "TBD",
          "DataClassification": "TBD"
      }
  }
  },
  "variables": {
    "StoragesizeinGBInInteger": "[int(parameters('storageSizeInGBInString'))]",
    "vCoresInInteger": "[int(parameters('vCoresinString'))]"

  },
  "resources": [
    {
      "type": "Microsoft.Sql/managedInstances",
      "apiVersion": "2020-02-02-preview",
      "name": "[parameters('managedInstanceName')]",
      "location": "[parameters('location')]",
      "tags": "[parameters('resourceTags')]",
      "sku": {
        "name": "[parameters('skuName')]"
      },
      "identity": {
        "type":  "[parameters('identitytype')]" 
      },
      "dependsOn": [
        
      ],
      "properties": {
        "administratorLogin": "[parameters('administratorLogin')]",
        "administratorLoginPassword": "[parameters('administratorLoginPassword')]",
        "subnetId": "[resourceId('Microsoft.Network/virtualNetworks/subnets', parameters('virtualNetworkName'), parameters('subnetName'))]",
        "storageSizeInGB": "[variables('StoragesizeinGBInInteger')]",
        "vCores": "[variables('vCoresInInteger')]",
        "licenseType": "[parameters('licenseType')]",
        "collation" : "[parameters('collation')]",
        "minimalTlsVersion" : "[parameters('minimalTlsVersion')]",
        "publicDataEndpointEnabled": "[bool(parameters('publicDataEndpointEnabled'))]",
        "proxyOverride" : "[parameters('proxyOverride')]",
        "storageAccountType" : "[parameters('storageAccountType')]"
      }
    }
  ]
}